<?xml version="1.0" encoding="utf-8"?>
<odoo>
    <data noupdate="1">
        <!-- Creating substitute product category group -->
        <record id="mrp_substitute_product_category" model="ir.module.category">
            <field name="name">Substitute Group</field>
        </record>
        <!-- Creating substitute product group -->
        <record id="mrp_substitute_product_group" model="res.groups">
            <field name="name">Allow Substitute Product(MRP)</field>
            <field name="category_id" ref="mrp_substitute_product_category"/>
        </record>
    </data>
</odoo>