<odoo>
<data noupdate="1">
	<record id="field_pos_config_image" model="ir.model.fields">
    <field name="complete_name" eval="False"/>
    <field name="compute" eval="False"/>
    <field name="copied" eval="True"/>
    <field name="depends" eval="False"/>
    <field name="domain">[]</field>
    <field name="field_description">Image</field>
    <field name="groups" eval="[(6, 0, [])]"/>
    <field name="help">Set logo image in the viewing pos screen and receipt.</field>
    <field name="index" eval="False"/>
    <field name="model">pos.config</field>
    <field name="model_id" ref="point_of_sale.model_pos_config"/>
    <field name="name">x_image</field>
    <field name="on_delete" eval="False"/>
    <field name="readonly" eval="False"/>
    <field name="related" eval="False"/>
    <field name="relation" eval="False"/>
    <field name="relation_field" eval="False"/>
    <field name="relation_table" eval="False"/>
    <field name="required" eval="False"/>
    <field name="selectable" eval="True"/>
    <field name="selection" eval="False"/>
    <field name="size" eval="False"/>
    <field name="state">manual</field>
    <field name="store" eval="True"/>
    <field name="tracking" eval="False"/>
    <field name="translate" eval="False"/>
    <field name="ttype">binary</field>
  </record>
  </data>
</odoo>