<?xml version="1.0" encoding="utf-8"?>
<template xml:space="preserve">

    <t t-name="sttl_face_attendance.public_kiosk_app_custom" t-inherit="hr_attendance.public_kiosk_app" t-inherit-mode="extension">
        <xpath expr="//button[hasclass('btn btn-light btn-lg rounded-3')]" position="after">
            <t t-if="this.props.kioskMode !== 'barcode' and this.state.active_display === 'main'">
                <button t-on-click="() => this.initiateFaceAttendance(event)"  class="btn btn-light btn-lg rounded-3">
                    Face check In/Check Out
                </button>
            </t>
        </xpath>
    </t>

</template>