<?xml version="1.0" encoding="UTF-8"?>
<templates id="template" xml:space="preserve">
    <!-- Add a back button before the existing switchpane button -->
    <t t-inherit="point_of_sale.TicketScreen" t-inherit-mode="extension">
        <xpath expr="//button[hasclass('btn-switchpane') and hasclass('load-order-button')]" position="before">
            <button t-if="ui.isSmall" class="btn-switchpane btn btn-lg btn-light"
                    t-on-click="() => this.onClickBackButton()">
                <span class="search-icon">
                    <i class="fa fa-angle-double-left"/>
                </span>
                Back
            </button>
        </xpath>
    </t>
</templates>