<?xml version="1.0" encoding="utf-8"?>
<templates id="template" xml:space="preserve">
    <t t-name="custom_pos_receipt_for_pos.ReceiptHeader" t-inherit="point_of_sale.ReceiptHeader" t-inherit-mode="extension">
        <xpath expr="//div[hasclass('d-flex')]" position="replace">
            <div class="pos-receipt-contact">
                <div t-if="props.data.header" style="white-space:pre-line" t-esc="props.data.header" />
                
                <div t-if="props.data.cashier" class="cashier">
                    <div>--------------------------------</div>
                    <div><t t-esc="props.data.cashier" /></div>
                </div>

                <t t-if="props.data.partner">
                    <div style="text-align:left; font-size:15px; font-weight:bold;">Customer:
                        <t t-esc="props.data.partner.name"/>
                    </div>
                </t>

                <!-- Gunakan div flex untuk Order dan Tracking Number -->
                <div style="display: flex; justify-content: space-between;">
                    <div style="text-align: left;">
                        <div t-esc="props.data.pos_reference" />
                        <div t-esc="props.data.date"/>
                    </div>
                    <div class="fw-bolder" style="text-align: right; font-size: 22px;"
                        t-if="props.data.trackingNumber and !props.data.bigTrackingNumber">
                        <span t-esc="props.data.trackingNumber" />
                    </div>
                </div>
            </div>


        </xpath>
        <xpath expr="//br[1]" position="replace"><div/></xpath>
    </t>

    <t t-name="custom_pos_receipt_for_pos.OrderReceipt" t-inherit="point_of_sale.OrderReceipt" t-inherit-mode="extension">
        <xpath expr="//div[@class='pos-receipt-taxes']" position="replace">
        </xpath>
        <xpath expr="//div[@class='pos-receipt-order-data'][p='Powered by Odoo']" position="replace">
                <div class="pos-receipt-order-data"></div>
            </xpath>
    </t>

    <t t-name="pos_receipt_custom.ProductCard" t-inherit="point_of_sale.ProductCard" t-inherit-mode="extension">
        <xpath expr="//div[hasclass('w-100')]" position="replace">
            <div class="w-100 d-flex justify-content-between align-items-center px-2" style="font-size: 20px;">
                <span t-if="props.price" class="price-tag py-1 text-end" t-esc="props.price" />
            </div>
        </xpath>
    </t>
</templates>
