<?xml version="1.0" encoding="UTF-8"?>
<templates id="template" xml:space="preserve">
     <!-- Current cashier details -->
    <t t-name="CashierName" t-inherit="point_of_sale.CashierName" t-inherit-mode="extension" owl="1">
        <xpath expr="//button[hasclass('btn-light')]//img[hasclass('avatar')]" position="attributes">
            <attribute name="class" remove="avatar" add="img-fluid profile-image avatar cashier-name" separator=" "/>
            <attribute name="width">70</attribute>
        </xpath>
        <xpath expr="//button[hasclass('btn-light')]" position="attributes">
            <attribute name="class" remove="avatar" add="cashier-name" separator=" "/>
        </xpath>
        <xpath expr="//button[hasclass('btn-light')]//span[hasclass('username')]" position="replace"/>
        <xpath expr="//button[hasclass('btn-light')]//img[hasclass('avatar')]" position="after">
            <div style="" class="d-inline-block">
                <div><h3 class="name username" style="text-align: left;"><t t-esc="username"/></h3></div>
                <div><h5 class="mail" style="text-align: left;"><t t-esc="email"/></h5></div>
            </div>
        </xpath>
    </t>
</templates>
