<?xml version="1.0" encoding="utf-8"?>
<templates id="template" xml:space="preserve">
    <t t-name="abj_pos_receipt.Orderline" t-inherit="point_of_sale.Orderline" t-inherit-mode="extension">
        <xpath expr="//div[hasclass('line-details')]" position="replace">
            <div class="line-details d-flex flex-column">
        <!-- Nama Produk -->
        <div class="product-name d-flex flex-grow-1 align-items-center pe-2 text-truncate">
            <span class="text-wrap d-inline">
                <t t-esc="line.orderDisplayProductName.name" />
                <br/>
                <small class="attribute-line fst-italic ms-2" t-if="line.orderDisplayProductName.attributeString">
                    <t t-esc="line.orderDisplayProductName.attributeString" />
                </small>
            </span>
        </div>

        <!-- Detail Qty dan Harga di bawah Nama Produk -->
        <div class="d-flex justify-content-between align-items-center">
            <div class="qty-price-detail">
                <span class="qty d-inline-block">
                    <t t-esc="line.getQuantityStr().unitPart"/>
                    <small t-if="line.getQuantityStr().decimalPart" class="fw-normal text-muted" t-esc="line.getQuantityStr().decimalPart"/>
                </span>
                x
                <span class="unit-price d-inline-block">
                    <t t-esc="line.unitDisplayPrice"/>
                </span>
                =
            </div>
            <div t-if="!props.basic_receipt" class="product-price price">
                <t t-esc="line.getPriceString()" />
            </div>
        </div>
    </div>
        </xpath>
    </t>

</templates>