<?xml version="1.0" encoding="utf-8"?>
<templates id="template" xml:space="preserve">
    <t t-name="abj_pos_receipt.OrderReceipt" t-inherit="point_of_sale.OrderReceipt" t-inherit-mode="extension">
        <xpath expr="//div[@class='pos-receipt-taxes']" position="replace">
        </xpath>

        <xpath expr="//div[@class='paymentlines text-start']" position="replace">
        </xpath>

        <xpath expr="//div[@class='pos-receipt-order-data']/p" position="replace">
        </xpath>

        <xpath expr="//div[@class='pos-receipt-center-align']" position="replace">
            <div t-if="order.config.receipt_footer" style="white-space:pre-line; text-align: center; font-family: Arial, sans-serif; font-size: 12px;">
                <br/>
                <t t-esc="order.config.receipt_footer" />
                <br/>
                <br/>
            </div>
        </xpath>
        
    </t>

</templates>
