<?xml version="1.0" encoding="utf-8"?>
<templates id="template" xml:space="preserve">
    <t t-name="abj_pos_receipt.ReceiptHeader" t-inherit="point_of_sale.ReceiptHeader" t-inherit-mode="extension">
        <xpath expr="//div[@class='pos-receipt-contact']" position="replace">
            <div class="pos-receipt-contact">
                <!-- contact address -->
                <div t-if="order.company.partner_id?.[1]" t-esc="order.company.partner_id[1]" />
                <t t-if="order.company.phone">
                    <div>Tel:<t t-esc="order.company.phone" /></div>
                </t>
                <t t-if="order.company.vat">
                    <div t-esc="vatText"/>
                </t>
                <!-- <div t-if="order.company.email" t-esc="order.company.email" /> -->
                <div t-if="order.company.website" t-esc="order.company.website" />
                <div t-if="order.config.receipt_header" style="white-space:pre-line; text-align: center; font-family: Arial, sans-serif; font-size: 12px;">
                    <t t-esc="order.config.receipt_header" />
                </div>
                <!-- <div t-if="order.config.receipt_header" class="pos-receipt-center-align" style="white-space:pre-line" t-esc="order.config.receipt_header" /> -->
                <div t-if="order?.getCashierName() and order.preset_id?.identification === 'name'" class="cashier">
                    <div>--------------------------------</div>
                    <div>Served by: <t t-esc="order.getCashierName()" /></div>
                </div>
                <div t-if="order.preset_id?.identification !== 'none'">
                    <div>--------------------------------</div>
                    <t t-if="order.preset_id?.identification === 'name'"> Takeout for: <t t-esc="order.floatingOrderName" /><br/></t>
                    <t t-elif="order.preset_id?.identification === 'address'"> Delivery to: <br/><span t-foreach="partnerAddress" t-as="line" t-key="line_index">
                        <t t-esc="line"/><br/>
                    </span>
                    </t>
                </div>
            </div>
        </xpath>
        <xpath expr="//div[span[@class='tracking-number fs-1']]" position="replace">
        <!-- Hilangkan semuanya -->
        </xpath>
    </t>

</templates>