<?xml version="1.0" encoding="UTF-8" ?>
<templates>
<!--Adding new button in systray to switch users -->
    <t t-name="UserSwitchSystray" owl="1">
        <div class="new_icon" style="display: flex; align-items: center; justify-content: center;">
            <label class="user" title="Switch User">
                <div class="icon_div">
                    <div class="toggle-icon" role="button">
                        <i id="switch_user" class="fa fa-user fa-lg " role="img"
                           aria-label="Switch User" t-on-click="() => this._onClick()"/>
                    </div>
                </div>
            </label>
        </div>
    </t>
</templates>
