<?xml version="1.0" encoding="UTF-8"?>
<templates>
    <div t-name="UserAuthDialog" id="WebCamModal">
        <div class="container-fluid">
            <div class="row">
                <div class="col-md-5 live_webcam_outer_div">
                    <div id="live_webcam"/>
                </div>
                <div class="col-md-2 mt64 direction_icon fa fa-angle-right fa-8x"/>
                <div class="col-md-5 webcam_result_outer_div">
                    <div id="webcam_result"/>
                </div>
            </div>
        </div>
    </div>
</templates>
